Business Name,Industry,City,State,Website,Phone,Email,AI Opportunity,Notes
Nason Yeager Law Firm,Law Firm,Palm Beach Gardens,FL,https://nasonyeager.com,,,"AI chatbot for client intake; legal document automation","Multi-office SE Florida firm covering Palm Beach Gardens / Boca Raton / Fort Lauderdale"
Mayersohn Law,Law Firm,Fort Lauderdale,FL,https://mayersohnlaw.com,954-765-1900,,"AI case intake screening; automated legal research tools","Criminal defense firm with offices in WPB and Boca Raton"
The Carlin Law Firm,Law Firm,Fort Lauderdale,FL,https://carlinfirm.com,,,"AI contract review automation; client communication chatbot","Boutique trial/litigation firm focused on business and real estate law"
Bruce Law Firm PA,Law Firm,West Palm Beach,FL,https://brucepa.com,,,"AI chatbot for family law consultations; automated document drafting","Divorce/family law with offices in WPB / Boca Raton / Wellington"
Dickenson Law Firm,Law Firm,West Palm Beach,FL,https://dickensonlawfirm.com,,,"AI injury case screening chatbot; automated client status updates","Personal injury and property damage firm serving Palm Beach and Broward Counties"
Hollander Law Firm,Law Firm,Boca Raton,FL,https://www.hollanderlawfirm.com,,,"AI personal injury intake chatbot; automated follow-up email sequences","Multi-location PI firm serving Boca Raton / Fort Lauderdale / WPB"
Chane Socarras PLLC (CS Law),Law Firm,Boca Raton,FL,https://cslawfl.com,,,"AI contract analysis tools; commercial litigation case management","AV-rated business/real estate/employment firm with offices in Boca Raton / PBG / Stuart"
Leifer & Ramirez,Law Firm,Boca Raton,FL,https://www.leiferlaw.com,561-660-9421,,"AI chatbot for accident case intake; automated follow-up communications","Personal injury firm with offices in Boca Raton / Fort Lauderdale / WPB"
Berman Law Group,Law Firm,Boca Raton,FL,https://www.bermanlawgroup.com,800-375-5555,,"AI mass tort case management; automated client communication portal","Large personal injury and mass tort firm"
West Boca Dental Care,Dental Practice,Boca Raton,FL,https://www.westbocadental.com,,,"AI appointment scheduling chatbot; automated recall reminders","Multi-specialty dental practice operating since 1994"
Polin Dental,Dental Practice,Boca Raton,FL,https://www.drpolin.com,,,"AI patient recall system; online scheduling chatbot","Second-generation family dental practice in Boca Raton"
Ericsson Dental,Dental Practice,Boca Raton,FL,https://ericssondental.com,561-479-4000,,"AI booking automation; treatment plan follow-up messaging","Premium dental practice in Boca Raton"
Shapiro Family Dentistry,Dental Practice,West Palm Beach,FL,https://shapirofamilydentistry.com,,,"AI multi-location appointment coordination; patient intake automation","Family-owned practice with locations in WPB / Boca Raton / Fort Pierce"
Dental First Care,Dental Practice,Boca Raton,FL,https://dentalfirst.care,800-304-9964,contact@dentalfirst.care,"AI patient intake chatbot; cross-location scheduling automation","4 Florida locations; patient-centered model"
Boca Dental & Cosmetic,Dental Practice,Boca Raton,FL,https://bocadental.com,561-391-6606,,"AI cosmetic consultation chatbot; before/after case tracking tool","Full-service cosmetic and implant dental practice"
The Keyes Company,Real Estate Agency,Miami,FL,https://www.keyes.com,,,"AI property matching algorithm; automated buyer/seller drip campaigns","Florida's largest independent real estate brokerage; serves Palm Beach / Broward / Miami"
ONE Sotheby's International Realty,Real Estate Agency,Miami,FL,https://www.onesothebysrealty.com,,,"AI luxury property matching; automated listing promotion campaigns","30 offices along FL East Coast; 1400 agents; $157B annual sales globally"
Lang Realty,Real Estate Agency,Boca Raton,FL,https://www.langrealty.com,,,"AI CRM for agent workflows; predictive market trend analysis","Established independent South Florida real estate agency"
Schumacher Automotive Group,Auto Dealership,West Palm Beach,FL,https://www.schumacherauto.com,561-615-3200,,"AI vehicle recommendation engine; service appointment scheduling chatbot","Multi-brand auto group with 5+ South FL locations including Delray Beach and WPB"
Napleton Automotive West Palm Beach,Auto Dealership,West Palm Beach,FL,https://www.napleton.com,,,"AI inventory chatbot; personalized financing and vehicle recommendations","National dealer group with West Palm Beach market presence"
Stiles Corporation,Construction & Real Estate,Fort Lauderdale,FL,https://www.stiles.com,954-627-9300,Adrienne.zalkind@stiles.com,"AI project cost estimation tools; subcontractor bid automation","Major SE Florida commercial construction and real estate development firm"
Seacrest Services,Property Management,West Palm Beach,FL,https://seacrestservices.com,561-697-4990,,"AI resident communication chatbot; maintenance request routing automation","Condo/HOA management serving Palm Beach County communities"
GRS Community Management,Property Management,Boca Raton,FL,https://www.grsmgt.com,,,"AI HOA violation detection; automated resident reporting dashboards","South Florida community association management; serves condo/HOA clients"
Buccan,Restaurant / Hospitality,Palm Beach,FL,https://www.buccanpalmbeach.com,,,"AI reservation management; personalized guest experience recommendations","MICHELIN Guide-recognized American cuisine restaurant in Palm Beach"
Farmer's Table,Restaurant / Hospitality,Boca Raton,FL,https://farmerstableboca.com,561-417-5836,info@dinefarmerstable.com,"AI catering inquiry automation; online ordering chatbot; menu personalization","Popular farm-to-table restaurant with catering and event bookings"
The Spa at PGA National Resort,Spa / Wellness,Palm Beach Gardens,FL,https://www.pgaresort.com,800-843-7725,Spareservations@pgaresort.com,"AI wellness membership management; personalized treatment recommendations","40000 sq ft luxury resort spa; open to public; Palm Beach Gardens FL"
Zimmerman Advertising,Marketing Agency,Fort Lauderdale,FL,https://zadv.com,,,"AI-powered ad campaign optimization; predictive audience targeting; AI content generation","Major SE Florida advertising and digital marketing agency"
Berkowitz Pollack Brant Advisors + CPAs,Financial Advisors / CPA,Miami,FL,https://www.bpbcpa.com,,,"AI tax planning automation; AI-powered client financial reporting dashboards","Leading South FL accounting and advisory firm with offices in Miami / Fort Lauderdale / Boca Raton"
Southern Glazer's Wine & Spirits,Logistics / Distribution,Miramar,FL,https://www.southernglazers.com,,,"AI demand forecasting; route optimization; automated inventory replenishment","Nation's largest wine/spirits distributor; HQ in Miramar FL; 40+ distribution centers"
Cheney Brothers,Food Distribution,Riviera Beach,FL,https://www.cheneybrothers.com,,,"AI order forecasting; inventory replenishment automation; delivery route optimization","Major SE Florida food service distributor serving restaurants and institutions"
Cleveland Clinic Florida,Healthcare / Medical,Weston,FL,https://my.clevelandclinic.org/florida,877-463-2010,,"AI patient triage chatbot; appointment scheduling automation; clinical documentation AI","Top-ranked hospital system with multiple SE Florida locations including Weston"
